{"Moonclan": {"deltas": 32.80121074712727, "scores": 76.70501407364655}, "Devoted of Sigmar": {"deltas": 7.497211760500494, "scores": 78.68254291283617}, "Orruk Warclans": {"deltas": 5.560991048974393, "scores": 65.61679320763383}, "Clan Skryre": {"deltas": 2.6886093032645295, "scores": 52.683162339888376}, "Hosts of Slaanesh": {"deltas": 2.399278449364383, "scores": 50.0}, "Big Waaagh": {"deltas": 2.2746863684961705, "scores": 54.35474690601515}, "Hedonites of Slaanesh": {"deltas": 2.233755437614628, "scores": 47.94752689819599}, "Legions of Nagash": {"deltas": 2.1091148599330065, "scores": 33.61780311557026}, "Grand Host of Nagash": {"deltas": 2.0544768565827947, "scores": 20.938865625730795}, "Flesh Eater Courts": {"deltas": 1.9066195694088748, "scores": 19.07869528525107}, "Death": {"deltas": 1.7839927422578121, "scores": 42.692415099279586}, "Phoenix Temple": {"deltas": 1.754894923653863, "scores": 73.23025221103707}, "Fyreslayers": {"deltas": 1.2952777945527945, "scores": 54.06547350145754}, "Daughters of Khaine": {"deltas": 1.2671173019949504, "scores": 41.34223988584491}, "Idoneth Deepkin": {"deltas": 1.1481491376603297, "scores": 79.70837929362234}, "Seraphon": {"deltas": 1.035184256313748, "scores": 50.87261664437336}, "Skaven": {"deltas": 1.025810747846546, "scores": 52.208203462189026}, "Legion of Blood": {"deltas": 1.0111875953541052, "scores": 53.48629572837154}, "Blades of Khorne": {"deltas": 0.7136045897285888, "scores": 19.07869528525107}, "Order Draconis": {"deltas": 0.5277000861322603, "scores": 19.07869528525107}, "Disciples of Tzeentch": {"deltas": 0.4941564369418301, "scores": 33.087438804087924}, "UNKNOWN_ARMY": {"deltas": 0.21144615708658446, "scores": 19.07869528525107}, "Skaventide": {"deltas": 0.13969654434788809, "scores": 56.946018320767365}, "Beastclaw Raiders": {"deltas": 0.12500461186931336, "scores": 66.91256119591208}, "Ossiarch Bonereapers": {"deltas": 0.08213624040715695, "scores": 70.02084045313042}, "Slaves to Darkness": {"deltas": 0.003929136960625695, "scores": 56.15688111261022}, "Legion of Azgorh": {"deltas": -0.15109771002148092, "scores": 19.07869528525107}, "Legion of Night": {"deltas": -0.15900784543465285, "scores": 27.98344635997057}, "Sylvaneth": {"deltas": -0.39506938519138785, "scores": 52.325844172456726}, "Cities of Sigmar": {"deltas": -0.4605701447683113, "scores": 33.087438804087924}, "Beasts of Chaos": {"deltas": -0.754709292039404, "scores": 45.35621029950777}, "Daemons of Nurgle": {"deltas": -0.7917814611488367, "scores": 32.70149919762431}, "Clan Pestilens": {"deltas": -0.7932423610861884, "scores": 63.134460137933665}, "Ironjawz": {"deltas": -0.7994988484169784, "scores": 36.316934882438105}, "Mawtribes": {"deltas": -0.8012462130566402, "scores": 66.91256119591208}, "Nighthaunt": {"deltas": -0.8611748663507935, "scores": 35.77112289055889}, "Stormcast Eternals": {"deltas": -1.1087243191037965, "scores": 50.5817702043173}, "Maggotkin of Nurgle": {"deltas": -1.241226421199544, "scores": 35.38302333272762}, "Legion of Grief": {"deltas": -1.2867109110890298, "scores": 34.15144851692582}, "Bonesplitterz": {"deltas": -1.3915499784445862, "scores": 48.061460752435806}, "Gloomspite Gitz": {"deltas": -1.435428610060893, "scores": 50.0}, "Legion of Sacrement": {"deltas": -1.6760683811917416, "scores": 27.98344635997057}, "Order": {"deltas": -2.912958032720959, "scores": 30.133330856079677}, "Gutbusters": {"deltas": -3.095215126618423, "scores": 24.08934805189012}, "Free Peoples": {"deltas": -3.5128939956077865, "scores": 24.484892578062034}, "Chaos": {"deltas": -3.6701636807538605, "scores": 28.452728126638334}, "Darkling Covens": {"deltas": -4.280871726113126, "scores": 41.844140523211365}, "Destruction": {"deltas": -4.2814521600783095, "scores": 37.97071527594332}, "Everchosen": {"deltas": -5.515548121912626, "scores": 21.317457087163845}, "Dispossessed": {"deltas": -5.557001196432591, "scores": 37.14085761117008}, "Kharadron Overlords": {"deltas": -5.989568464151075, "scores": 19.578577392907675}, "Wanderers": {"deltas": -6.435598757559185, "scores": 19.07869528525107}, "Tempests Eye": {"deltas": -8.51146240356546, "scores": 32.256924349594826}, "Soulblight": {"deltas": -10.177242513096168, "scores": 33.087438804087924}, "Khorne Bloodbound": {"deltas": -10.573343504217034, "scores": 26.799031582337545}}