{"Devoted of Sigmar": {"deltas": 6.983016257594315, "scores": 78.68254291283617}, "Orruk Warclans": {"deltas": 6.563391500874573, "scores": 65.61679320763383}, "Deathlords": {"deltas": 5.585910694434671, "scores": 33.84611195106897}, "Daughters of Khaine": {"deltas": 3.6008358630139456, "scores": 71.39200672637298}, "Hedonites of Slaanesh": {"deltas": 3.3694584842751074, "scores": 47.94752689819599}, "Big Waaagh": {"deltas": 3.2242499125034674, "scores": 54.35474690601515}, "Brayherd": {"deltas": 3.058280278428915, "scores": 36.944134018176364}, "Idoneth Deepkin": {"deltas": 2.823627988788305, "scores": 57.10222263635442}, "Phoenix Temple": {"deltas": 2.817502083632012, "scores": 73.23025221103707}, "Legions of Nagash": {"deltas": 2.240489050540882, "scores": 54.97382248301129}, "Tomb Kings": {"deltas": 2.188706801023616, "scores": 25.04491771952103}, "Disciples of Tzeentch": {"deltas": 2.1758584372304868, "scores": 74.41683586520661}, "Hosts of Slaanesh": {"deltas": 1.9657520407672142, "scores": 38.72998114826019}, "Skaventide": {"deltas": 1.752908981919113, "scores": 56.946018320767365}, "Fyreslayers": {"deltas": 1.5579992376909866, "scores": 69.51202085410554}, "Legion of Blood": {"deltas": 1.5112800821038368, "scores": 73.12102163309986}, "Flesh Eater Courts": {"deltas": 1.5101535227119283, "scores": 25.58316413479339}, "Legion of Azgorh": {"deltas": 1.37960565302141, "scores": 19.07869528525107}, "Death": {"deltas": 1.2560762927955404, "scores": 31.344419473595874}, "Grand Host of Nagash": {"deltas": 1.178664516369899, "scores": 37.358680233433596}, "Clan Pestilens": {"deltas": 0.9128028137395506, "scores": 34.20125344035056}, "Seraphon": {"deltas": 0.8148316105804551, "scores": 27.983446359970575}, "Skaven": {"deltas": 0.7841341143120958, "scores": 61.47292511447229}, "Ossiarch Bonereapers": {"deltas": 0.6995411149947095, "scores": 70.02084045313042}, "Blades of Khorne": {"deltas": 0.6452970992467949, "scores": 40.12936743170763}, "Bretonnians": {"deltas": 0.5285841528903094, "scores": 55.79735194976608}, "Sylvaneth": {"deltas": 0.419780180428175, "scores": 53.32067518526223}, "UNKNOWN_ARMY": {"deltas": 0.4134449445633005, "scores": 50.0}, "Cities of Sigmar": {"deltas": 0.3565208751379657, "scores": 33.087438804087924}, "Lizardmen": {"deltas": 0.08004115153968719, "scores": 21.549461421005418}, "Beastclaw Raiders": {"deltas": -0.0453149015907704, "scores": 69.14624612740131}, "Order Draconis": {"deltas": -0.05660575312522576, "scores": 19.07869528525107}, "Destruction": {"deltas": -0.19988961910913441, "scores": 19.07869528525107}, "Clan Skryre": {"deltas": -0.2196090930353049, "scores": 37.14085761117008}, "Stormcast Eternals": {"deltas": -0.2713936781494088, "scores": 19.07869528525107}, "Maggotkin of Nurgle": {"deltas": -0.29246480381464635, "scores": 21.581881579704067}, "Mawtribes": {"deltas": -0.3335330699851065, "scores": 66.91256119591208}, "Legion of Night": {"deltas": -0.35789369072691846, "scores": 21.83500153613788}, "Legion of Sacrement": {"deltas": -0.4464491707338536, "scores": 40.00222648708548}, "Empire": {"deltas": -0.6863449520709233, "scores": 43.05398167923263}, "Ironjawz": {"deltas": -0.7448953995525517, "scores": 77.33726476231317}, "Darkling Covens": {"deltas": -0.7565042496299839, "scores": 48.67464454031191}, "High Elves": {"deltas": -0.7896886159369779, "scores": 58.08883705807296}, "Nighthaunt": {"deltas": -1.052911321365898, "scores": 50.0}, "Legion of Grief": {"deltas": -1.2163911726449483, "scores": 34.15144851692582}, "Beasts of Chaos": {"deltas": -1.2655583060879534, "scores": 19.07869528525107}, "Chaos": {"deltas": -1.3247341496929732, "scores": 19.07869528525107}, "Slaves to Darkness": {"deltas": -1.4279602854653328, "scores": 19.07869528525107}, "Gloomspite Gitz": {"deltas": -1.5287770816529418, "scores": 50.0}, "Order": {"deltas": -1.6579157651717358, "scores": 38.5270748855277}, "Moonclan": {"deltas": -1.7020226676184926, "scores": 19.07869528525107}, "Ogre Kingdoms": {"deltas": -2.194420531573946, "scores": 55.35420114167183}, "Beastmen": {"deltas": -2.4047200488933926, "scores": 26.054481834486687}, "Bonesplitterz": {"deltas": -2.628814227591181, "scores": 20.086327835309483}, "Soulblight": {"deltas": -2.93445594385361, "scores": 19.68717726551617}, "Warherds": {"deltas": -3.0839393679423424, "scores": 52.53701117928742}, "Kharadron Overlords": {"deltas": -3.945043012243757, "scores": 50.0}, "Free Peoples": {"deltas": -3.9967428422942546, "scores": 29.223230610840833}, "Gutbusters": {"deltas": -4.1257503196129495, "scores": 27.875686152185775}, "Dispossessed": {"deltas": -4.262508410063694, "scores": 45.35621029950777}, "Vampire Counts": {"deltas": -4.275684458073621, "scores": 64.7717948583641}, "Warriors of Chaos": {"deltas": -5.118195316498303, "scores": 25.11633549808322}, "Wanderers": {"deltas": -5.476140475132357, "scores": 21.83500153613788}, "Daemons of Chaos": {"deltas": -5.617172970321413, "scores": 36.82324265271257}, "Orcs ": {"deltas": -5.676310023422266, "scores": 71.02676057446295}, "Wood Elves": {"deltas": -5.9884703947186155, "scores": 41.91116294192704}, "Khorne Bloodbound": {"deltas": -6.118969271981418, "scores": 23.936914086645}, "Tempests Eye": {"deltas": -6.7771148190126675, "scores": 27.983446359970575}, "Dark Elves": {"deltas": -6.892007066033983, "scores": 72.01655364002943}, "Daemons of Nurgle": {"deltas": -6.966899289459133, "scores": 26.598552904870054}, "Dwarfs": {"deltas": -8.478037643074305, "scores": 74.95508228047898}, "Spiderfang Grots": {"deltas": -8.546733119985404, "scores": 22.901682589422055}, "Everchosen": {"deltas": -8.675853972918064, "scores": 25.21423936733723}}